Title,Score,Vote,Ranked,Popularity,Members,Favorite,Types,Volumes,Chapters,Status,Published,Genres,Themes,Demographic,Serialization,Author,Total Review,Type Review
Tian Guan Cifu (Heaven Official's Blessing: Tian Guan Ci Fu),9.05,6022,8,1579,"13,253","1,305",Novel,6,Unknown,Finished,"Feb  4, 2021 to Mar  31, 2022","['Action', 'Adventure', 'Boys Love', 'Supernatural']",['Historical'],,,Mo Xiang Tong Xiu (Story),5,"[3, 1, 1]"
Omniscient Reader's Viewpoint,9.02,7701,11,1126,"17,527","1,653",Novel,20,105,Finished,"Jan  20, 2022 to Sep  11, 2023","['Action', 'Adventure', 'Fantasy']",['Urban Fantasy'],,,sing N song (Story),20,"[19, 1, 0]"
Guimi Zhi Zhu (Lord of Mysteries),8.97,2222,15,3772,"5,764",487,Novel,18,366,Finished,"May  1, 2020 to Aug  1, 2023","['Action', 'Mystery', 'Supernatural', 'Suspense']",[],,,Ai Qianshui de Wuzei (Story),15,"[14, 0, 1]"
Mo Dao Zu Shi (Grandmaster of Demonic Cultivation: Mo Dao Zu Shi),8.91,4202,20,2549,"8,448",714,Novel,4,27,Finished,"Dec  8, 2016","['Action', 'Adventure', 'Boys Love', 'Mystery', 'Supernatural']",['Historical'],,,Mo Xiang Tong Xiu (Story),3,"[1, 1, 1]"
Mikkakan no Koufuku (Three Days of Happiness),8.88,10871,25,557,"33,121","1,402",Novel,1,15,Finished,"Dec  25, 2013",['Drama'],[],,,"Miaki, Sugaru (Story)",19,"[16, 1, 2]"
Kimi no Suizou wo Tabetai (I Want to Eat Your Pancreas),8.65,3770,70,2459,"8,699",451,Novel,1,10,Finished,"Jun  17, 2015","['Drama', 'Romance']",[],,,"Sumino, Yoru (Story)",4,"[4, 0, 0]"
Ginga Eiyuu Densetsu (Legend of the Galactic Heroes),8.62,2131,86,2002,"10,408",307,Novel,10,94,Finished,Nov  1982 to Nov  1987,"['Action', 'Adventure', 'Drama', 'Sci-Fi']","['Adult Cast', 'Military', 'Space']",,,"Tanaka, Yoshiki (Story), Katou, Naoyuki (Art), Kamoshita, Yukihisa (Art)",6,"[5, 1, 0]"
Koten-bu Series,8.61,3696,91,1046,"18,873",623,Novel,Unknown,Unknown,Publishing,"Oct  31, 2001 to ?","['Adventure', 'Mystery']",['School'],,,"Yonezawa, Honobu (Story)",6,"[5, 0, 1]"
Solo Leveling,8.42,4615,200,2358,"9,026","1,773",Novel,13,150,Finished,"Nov  4, 2016 to Oct  27, 2017","['Action', 'Adventure', 'Fantasy']","['Adult Cast', 'Urban Fantasy']",,,Chugong (Story),1,"[1, 0, 0]"
No.6,8.38,5672,228,886,"21,763",968,Novel,9,43,Finished,"Oct  10, 2003 to Jun  14, 2011","['Action', 'Mystery', 'Sci-Fi']",[],,,"Asano, Atsuko (Story)",4,"[4, 0, 0]"
Shousetsu Kimi no Na wa. (Your Name.),8.34,3229,267,2728,"7,955",147,Novel,1,8,Finished,"Jun  18, 2016","['Drama', 'Supernatural']",['Love Status Quo'],,,"Shinkai, Makoto (Story)",3,"[1, 1, 1]"
Death Note Another Note: Los Angeles BB Renzoku Satsujin Jiken (Death Note Another Note: The Los Angeles BB Murder Cases),8.30,17076,301,498,"36,428",906,Novel,1,7,Finished,"Aug  1, 2006",['Mystery'],[],,,"Obata, Takeshi (Art), NISIO, ISIN (Story)",9,"[8, 1, 0]"
NHK ni Youkoso! (Welcome to the N.H.K.),8.30,1696,307,3880,"5,596",263,Novel,1,12,Finished,"Jan  28, 2002","['Comedy', 'Drama', 'Romance']",['Psychological'],,,"Takimoto, Tatsuhiko (Story)",5,"[3, 1, 1]"
"Mata, Onaji Yume wo Miteita (I Had That Same Dream Again)",8.23,1147,390,5607,"3,745",112,Novel,1,11,Finished,"Feb  17, 2016",['Drama'],[],,,"Sumino, Yoru (Story)",4,"[4, 0, 0]"
Urasekai Picnic (Otherside Picnic),8.22,657,404,6817,"3,010",163,Novel,Unknown,Unknown,Publishing,"Feb  23, 2017 to ?","['Adventure', 'Fantasy', 'Mystery', 'Suspense']","['Isekai', 'Survival']",,,"Miyazawa, Iori (Story), shirakaba (Art)",3,"[2, 1, 0]"
NieR:Automata,8.21,2106,418,1712,"12,247",258,Novel,3,30,Finished,"Aug  5, 2017 to Jul  27, 2018","['Action', 'Fantasy', 'Sci-Fi']",[],,,"Eishima, Jun (Story), Yoko, Taro (Story)",3,"[2, 1, 0]"
Ren Zha Fanpai Zijiu Xitong (The Scum Villain's Self-Saving System: Ren Zha Fanpai Zijiu Xitong),8.19,1707,440,6096,"3,418",249,Novel,3,Unknown,Finished,"Jul  24, 2017","['Boys Love', 'Drama', 'Supernatural']","['Historical', 'Isekai', 'Mythology', 'Reincarnation']",,,Mo Xiang Tong Xiu (Story),2,"[1, 1, 0]"
No.6 Beyond,8.14,940,527,4449,"4,862",31,Novel,1,4,Finished,"Nov  22, 2012","['Action', 'Drama', 'Mystery', 'Sci-Fi']",[],Josei,,"Asano, Atsuko (Story)",1,"[1, 0, 0]"
Ookami Kodomo no Ame to Yuki (Wolf Children: Ame & Yuki),8.13,926,533,8092,"2,439",41,Novel,1,4,Finished,"Jun  22, 2012","['Drama', 'Fantasy', 'Slice of Life']",['Childcare'],,,"Hosoda, Mamoru (Story)",1,"[1, 0, 0]"
Byousoku 5 Centimeter (5 Centimeters per Second),8.03,2466,685,3715,"5,865",191,Novel,1,3,Finished,"Nov  16, 2007","['Drama', 'Romance']",[],,,"Shinkai, Makoto (Story)",3,"[3, 0, 0]"
Watashi no Shiawase na Kekkon (My Happy Marriage),8.02,738,709,4538,"4,737",125,Novel,Unknown,Unknown,Publishing,"Jan  15, 2019 to ?","['Drama', 'Fantasy', 'Romance']","['Adult Cast', 'Historical']",,,"Agitogi, Akumi (Story)",0,"[0, 0, 0]"
Shinsekai yori,7.98,484,794,10376,"1,777",40,Novel,2,37,Finished,"Jan  25, 2008","['Drama', 'Mystery', 'Sci-Fi', 'Supernatural']",[],,,"Kishi, Yusuke (Story)",2,"[2, 0, 0]"
"Yoru wa Mijikashi Aruke yo Otome (The Night Is Short, Walk on Girl)",7.92,321,928,10794,"1,684",19,Novel,1,4,Finished,"Nov  29, 2006","['Comedy', 'Romance']",[],,,"Nakamura, Yusuke (Art), Morimi, Tomihiko (Story)",0,"[0, 0, 0]"
Solo Leveling Side Story,7.90,1697,996,6461,"3,197",21,Novel,1,12,Finished,"Apr  18, 2018","['Action', 'Adventure', 'Fantasy']","['Adult Cast', 'Urban Fantasy']",,,Chugong (Story),2,"[0, 1, 1]"
Lout of Count's Family,7.88,255,1054,19180,726,86,Novel,Unknown,Unknown,Publishing,"Aug  25, 2022 to ?",['Fantasy'],"['Isekai', 'Reincarnation']",,,"Yu, Ryeo Han (Story)",0,"[0, 0, 0]"
Kagami no Kojou (Lonely Castle in the Mirror),7.87,245,1057,12231,"1,419",12,Novel,1,13,Finished,"May  11, 2017","['Drama', 'Fantasy', 'Mystery']",[],,,"Tsujimura, Mizuki (Story)",1,"[0, 1, 0]"
Shinrei Tantei Yakumo,7.86,501,1094,5186,"4,092",52,Novel,12,Unknown,Finished,"Sep  24, 2004 to Jun  25, 2020","['Horror', 'Mystery', 'Supernatural']",['Super Power'],,,"Kaminaga, Manabu (Story), Suzuki, Yasushi (Art), Katou, Akatsuki (Art)",1,"[1, 0, 0]"
Shousetsu Tenki no Ko (Weathering with You),7.85,322,1150,17535,838,15,Novel,1,13,Finished,"Jul  18, 2019","['Drama', 'Fantasy', 'Romance', 'Slice of Life']",[],,,"Shinkai, Makoto (Story)",0,"[0, 0, 0]"
Another,7.84,4477,1181,1473,"14,004",412,Novel,1,21,Finished,"Oct  29, 2009","['Horror', 'Mystery', 'Supernatural', 'Suspense']",['School'],,,"Ayatsuji, Yukito (Story)",3,"[2, 0, 1]"
Quanzhi Gaoshou (The King's Avatar),7.80,193,1313,23450,508,41,Novel,24,608,Finished,"Mar  20, 2012 to Jun  1, 2016",['Action'],['Video Game'],,,Hudie Lan (Story),1,"[1, 0, 0]"
Kimi wa Tsukiyo ni Hikarikagayaku,7.80,438,1315,12659,"1,356",42,Novel,1,4,Finished,"Feb  25, 2017","['Drama', 'Romance']",[],,,"loundraw (Art), Sano, Tetsuya (Story)",1,"[1, 0, 0]"
Battle Royale,7.79,294,1351,18258,786,54,Novel,1,82,Finished,Apr  1999,"['Action', 'Suspense']",['Survival'],,,"Takami, Koushun (Story)",1,"[1, 0, 0]"
Villains Are Destined to Die,7.77,171,1422,24583,465,18,Novel,4,22,Finished,"Sep  18, 2020","['Drama', 'Fantasy', 'Romance']","['Reverse Harem', 'Villainess']",,,"Gwon, Gyeoeul (Story)",1,"[1, 0, 0]"
Mo Dao Zu Shi Fanwai Ji,7.75,239,1482,20701,637,9,Novel,1,4,Finished,"Feb  18, 2020","['Action', 'Adventure', 'Boys Love', 'Mystery', 'Supernatural']",['Historical'],,,Mo Xiang Tong Xiu (Story),1,"[0, 1, 0]"
Yojouhan Shinwa Taikei (The Tatami Galaxy),7.73,199,1596,16057,960,23,Novel,1,4,Finished,Dec  2004,"['Comedy', 'Mystery', 'Romance']","['Psychological', 'Time Travel']",,,"Morimi, Tomihiko (Story)",1,"[0, 1, 0]"
Summer Ghost,7.72,264,1617,14390,"1,132",9,Novel,1,Unknown,Finished,"Oct  29, 2021","['Drama', 'Supernatural']",[],,,Otsuichi (Story),1,"[1, 0, 0]"
Qian Qiu (Thousand Autumns: Qian Qiu),7.72,156,1622,22280,559,30,Novel,4,Unknown,Finished,"Oct  26, 2018 to Nov  9, 2018","['Action', 'Fantasy']","['Historical', 'Martial Arts']",,,"Meng, Xi Shi (Story)",2,"[1, 1, 0]"
Biblia Koshodou no Jiken Techou,7.66,294,1911,8577,"2,269",35,Novel,7,36,Finished,"Mar  25, 2011 to Feb  25, 2017","['Drama', 'Mystery']",[],,,"Mikami, En (Story), Koshijima, Hagu (Art)",0,"[0, 0, 0]"
Hibike! Euphonium (Sound! Euphonium),7.66,287,1914,10896,"1,662",37,Novel,10,66,Finished,"Dec  5, 2013 to Jun  22, 2019",['Drama'],"['Music', 'Performing Arts', 'School']",,,"Asada, Nikki (Art), Takeda, Ayano (Story)",0,"[0, 0, 0]"
Shousetsu Kotonoha no Niwa (The Garden of Words),7.64,123,2044,27612,368,19,Novel,1,11,Finished,"Aug  6, 2013 to Apr  11, 2014","['Drama', 'Romance']",[],,Da Vinci,"Shinkai, Makoto (Story)",0,"[0, 0, 0]"
Koisuru Kiseichuu,7.60,508,2283,10317,"1,792",38,Novel,1,9,Finished,"Sep  24, 2016","['Drama', 'Romance', 'Supernatural']",[],,,"Miaki, Sugaru (Story)",3,"[1, 1, 1]"
Mawaru  (Penguindrum),7.58,355,2405,7728,"2,577",19,Novel,3,24,Finished,"Jul  4, 2011 to Feb  29, 2012",['Mystery'],[],,,"Hoshino, Lily (Art), Ikuhara, Kunihiko (Story), Takahashi, Kei (Story)",0,"[0, 0, 0]"
Brave Story,7.57,214,2471,16089,958,10,Novel,2,70,Finished,"Mar  5, 2003","['Adventure', 'Fantasy']",['Isekai'],,,"Miyabe, Miyuki (Story)",0,"[0, 0, 0]"
Kemono no Souja,7.56,149,2529,15202,"1,046",16,Novel,4,Unknown,Finished,"Nov  21, 2006 to Aug  11, 2009","['Drama', 'Fantasy', 'Mystery']",[],,,"Uehashi, Nahoko (Story), Takemoto, Itoe (Art)",0,"[0, 0, 0]"
Arslan Senki,7.51,199,2839,9740,"1,923",41,Novel,16,Unknown,Finished,"Aug  1986 to Dec  14, 2017","['Action', 'Adventure', 'Fantasy']",['Historical'],,,"Amano, Yoshitaka (Art), Tanaka, Yoshiki (Story)",1,"[1, 0, 0]"
"Kimi wo Aishita Hitori no Boku e (To Me, The One Who Loved You)",7.50,176,2921,15823,983,10,Novel,1,11,Finished,"Jun  23, 2016","['Romance', 'Sci-Fi']",[],,,"Yomoji, Otono (Story)",0,"[0, 0, 0]"
Koukyuu no Karasu (Raven of the Inner Palace),7.46,133,3193,11123,"1,621",23,Novel,7,27,Finished,"Apr  20, 2018 to Apr  21, 2022",['Fantasy'],['Historical'],,,"Shirakawa, Kouko (Story)",1,"[1, 0, 0]"
Ring,7.46,346,3228,12000,"1,454",19,Novel,1,25,Finished,1991,['Horror'],[],,,"Suzuki, Koji (Story)",2,"[2, 0, 0]"
Summer Wars,7.43,302,3464,12408,"1,393",13,Novel,1,5,Finished,"Jul  25, 2009","['Comedy', 'Romance', 'Sci-Fi']",['Strategy Game'],,,"Iwai, Kyohei (Story)",0,"[0, 0, 0]"
The Legendary Moonlight Sculptor,7.42,155,3578,25934,420,58,Novel,58,545,Finished,"Jan  15, 2007 to Dec  31, 2020","['Action', 'Adventure', 'Fantasy']",['Video Game'],,,"Nam, Heesung (Story)",2,"[2, 0, 0]"
Shousetsu  no Tojimari (Suzume),7.41,186,3726,16573,917,12,Novel,1,24,Finished,"Aug  24, 2022",['Fantasy'],['Mythology'],,,"Shinkai, Makoto (Story)",0,"[0, 0, 0]"
Boku ga Aishita Subete no Kimi e (To Every You I've Loved Before),7.35,186,4241,13408,"1,254",16,Novel,1,10,Finished,"Jun  23, 2016","['Romance', 'Sci-Fi']",[],,,"Yomoji, Otono (Story)",0,"[0, 0, 0]"
Bishounen Series (Pretty Boy Detective Club),7.34,193,4376,11435,"1,562",33,Novel,12,Unknown,Finished,"Oct  20, 2015 to May  14, 2021",['Mystery'],"['School', 'Visual Arts']",,,"NISIO, ISIN (Story), Kinako (Art)",0,"[0, 0, 0]"
Murazukuri Game no NPC ga Namami no Ningen to shika Omoenai (The NPCs in this Village Sim Game Must Be Real!),7.33,170,4458,23175,518,20,Novel,3,19,Finished,"Oct  4, 2019 to Nov  10, 2020",['Fantasy'],[],,,Hiru Kuma (Story),1,"[1, 0, 0]"
Rasen (Spiral),7.31,229,4728,17532,838,5,Novel,1,47,Finished,1995,['Horror'],[],,,"Suzuki, Koji (Story)",0,"[0, 0, 0]"
Penguin Highway,7.30,137,4795,19111,730,10,Novel,1,4,Finished,"May  29, 2010","['Fantasy', 'Sci-Fi']",[],,,"Morimi, Tomihiko (Story), Kumaori, Jun (Art)",0,"[0, 0, 0]"
 no  (Mirai),7.28,128,5016,23502,506,3,Novel,1,15,Finished,"Jun  15, 2018","['Adventure', 'Drama', 'Fantasy']",['Time Travel'],,,"Hosoda, Mamoru (Story)",0,"[0, 0, 0]"
Youkai Apartment no Yuuga na Nichijou,7.23,119,5587,20226,662,7,Novel,10,Unknown,Finished,"Oct  11, 2003 to Mar  11, 2009","['Mystery', 'Slice of Life', 'Supernatural']",[],,,"Kouzuki, Hinowa (Story)",0,"[0, 0, 0]"
Konyaku Haki kara Hajimaru Akuyaku Reijou no Kangoku Slow Life (Prison Life Is Easy for a Villainess),7.23,247,5598,19520,704,10,Novel,2,46,Finished,"Jan  18, 2019","['Comedy', 'Fantasy']",['Villainess'],,,"Nabeshima, Tetsuhiro (Art), Yamazaki, Hibiki (Story)",0,"[0, 0, 0]"
Kakushigoto (I Have a Secret),7.14,220,6797,18315,782,7,Novel,1,7,Finished,"Aug  22, 2015 to May  21, 2016",['Drama'],['School'],,Shousetsu Shinchou,"Sumino, Yoru (Story)",1,"[0, 1, 0]"
Another 2001,7.09,108,7477,25119,446,3,Novel,1,23,Finished,"Oct  11, 2014 to Jan  11, 2020","['Horror', 'Mystery', 'Supernatural', 'Suspense']",[],,,"Ayatsuji, Yukito (Story)",0,"[0, 0, 0]"
Joou Heika no Isekai Strategy (Her Majesty's Swarm),7.04,695,8254,8747,"2,212",37,Novel,Unknown,Unknown,Publishing,"Oct  7, 2018 to ?","['Action', 'Fantasy']","['Isekai', 'Reincarnation', 'Video Game']",,,"Iwamoto, Eiri (Art), Dai-616 Tokubetsu Jouhou Daitai (Story)",1,"[0, 0, 1]"
Another: Episode S,7.02,141,8508,25370,438,8,Novel,1,11,Finished,"Jul  31, 2013","['Horror', 'Mystery', 'Supernatural', 'Suspense']",[],,,"Ayatsuji, Yukito (Story)",0,"[0, 0, 0]"
Juuni Taisen (Juni Taisen: Zodiac War),6.83,158,11495,22898,529,5,Novel,1,12,Finished,"May  19, 2015",['Action'],['Survival'],,,"NISIO, ISIN (Story)",1,"[1, 0, 0]"
"Uchiage Hanabi, Shita kara Miru ka? Yoko kara Miru ka? (Fireworks, Should We See It from the Side or the Bottom?)",6.83,239,11507,18645,758,7,Novel,1,4,Finished,"Jun  17, 2017","['Romance', 'Sci-Fi']",[],,,"Iwai, Shunji (Story), Oone, Hitoshi (Story)",0,"[0, 0, 0]"
Sentou Yousei Yukikaze (Battle Fairy Yukikaze),,,21630,24354,473,5,Novel,Unknown,Unknown,Publishing,1979 to ?,"['Drama', 'Sci-Fi']","['Military', 'Psychological']",Seinen,SF Magazine,"Kambayashi, Chohei (Story)",0,"[0, 0, 0]"
Loop,,,21873,24876,453,0,Novel,1,43,Finished,1998,"['Horror', 'Mystery', 'Sci-Fi']",[],,,"Suzuki, Koji (Story)",1,"[1, 0, 0]"
Shin Honkaku Mahou Shoujo Risuka,,,22185,17441,845,3,Novel,4,13,Finished,"Oct  15, 2003 to Aug  7, 2020","['Action', 'Fantasy', 'Mystery']",['Psychological'],,Mephisto,"NISIO, ISIN (Story), Nishimura, Kinu (Art)",1,"[1, 0, 0]"
Colorful,,,23015,31473,274,1,Novel,1,17,Finished,Jul  1998,"['Drama', 'Slice of Life', 'Supernatural']",[],,,"Mori, Eto (Story)",1,"[1, 0, 0]"
Roxana,,,23037,40459,148,6,Novel,4,27,Finished,"Sep  9, 2020","['Drama', 'Fantasy', 'Romance']","['Psychological', 'Villainess']",,,Kin (Story),0,"[0, 0, 0]"
Hibana (Spark),,,23042,69232,25,0,Novel,1,Unknown,Finished,"Mar  11, 2015","['Comedy', 'Drama']","['Performing Arts', 'Showbiz']",,,"Matayoshi, Naoki (Story)",0,"[0, 0, 0]"
Gyakusatsu Kikan (Genocidal Organ),,,23079,33785,232,4,Novel,1,6,Finished,"Jun  22, 2007","['Action', 'Sci-Fi']","['Military', 'Psychological']",,,"Itou, Keikaku (Story)",0,"[0, 0, 0]"
Harmony,,,23082,37213,183,10,Novel,1,5,Finished,"Dec  16, 2008",['Sci-Fi'],['Psychological'],,,"Itou, Keikaku (Story)",0,"[0, 0, 0]"
Maou no Utsuwa (Caliber of the Lord),,,23106,62461,44,0,Novel,3,17,Finished,"Jan  31, 2017 to Mar  5, 2018","['Action', 'Adventure', 'Fantasy']",[],,,"Tsukino, Ayato (Story)",0,"[0, 0, 0]"
Shousetsu Koe no Katachi,,,23241,47089,100,0,Novel,2,27,Finished,"Mar  14, 2019 to Apr  25, 2019",['Drama'],[],Kids,,"Ooima, Yoshitoki (Art), Kurahashi, Youko (Story)",0,"[0, 0, 0]"
Tantei no Tantei (Detective versus Detectives),,,23248,67585,29,0,Novel,4,Unknown,Finished,"Nov  14, 2014 to Jul  15, 2015","['Action', 'Drama', 'Mystery']","['Detective', 'Psychological']",,,"Matsuoka, Keisuke (Story)",0,"[0, 0, 0]"
Kanojo ga Suki na Mono wa Homo de Atte Boku dewa Nai,,,23272,55666,63,1,Novel,1,9,Finished,"Feb  21, 2018",['Drama'],['School'],,,"Asahara, Naoto (Story)",0,"[0, 0, 0]"
Babylon,,,23419,35828,202,1,Novel,3,Unknown,Finished,"Oct  20, 2015 to Nov  22, 2017","['Mystery', 'Suspense']",['Psychological'],,,"Nozaki, Mado (Story)",0,"[0, 0, 0]"
Cross Road: In Their Cases,,,23443,41294,141,0,Novel,1,8,Finished,"Sep  29, 2014",['Slice of Life'],['School'],,,"Shinkai, Makoto (Story), Kiriyama, Naruto (Story)",0,"[0, 0, 0]"
Taiyou no Tou (Tower of the Sun),,,23643,59276,52,2,Novel,1,Unknown,Finished,"Dec  19, 2003","['Drama', 'Fantasy', 'Romance']",[],,,"Morimi, Tomihiko (Story)",0,"[0, 0, 0]"
D Genesis: Dungeon ga Dekite 3-nen (D-Genesis: Three Years after the Dungeons Appeared),,,23862,39287,160,5,Novel,Unknown,Unknown,Publishing,"Feb  5, 2020 to ?","['Adventure', 'Fantasy']",[],,,"Kono, Tsuranori (Story)",0,"[0, 0, 0]"
Shousetsu Yoake Tsugeru Lu no Uta (Lu Over the Wall),,,23927,57983,56,1,Novel,1,7,Finished,"May  10, 2017","['Adventure', 'Supernatural']",['Music'],,,"Yuasa, Masaaki (Story), Mihagi, Senya (Story)",0,"[0, 0, 0]"
Ryuu to Sobakasu no Hime (Studio Chizu's Belle),,,23966,44836,114,0,Novel,1,16,Finished,"Jun  15, 2021","['Drama', 'Fantasy']",['Music'],,,"Hosoda, Mamoru (Story)",0,"[0, 0, 0]"
Love All Play,,,23976,48063,95,0,Novel,4,28,Finished,"May  7, 2011 to Mar  5, 2014",['Sports'],['School'],,,"Koseki, Asami (Story)",0,"[0, 0, 0]"
Shousetsu Blue Period,,,24119,38841,165,0,Novel,Unknown,Unknown,Publishing,"Oct  28, 2021 to ?",['Drama'],['Visual Arts'],Kids,,"Tokiumi, Yui (Story)",0,"[0, 0, 0]"
Baraou no Souretsu: Original Novel - Itsutsu no Makuai,,,24152,57984,56,0,Novel,1,5,Finished,"Dec  15, 2021","['Slice of Life', 'Supernatural']",['Historical'],,,"Makusu, You (Story)",0,"[0, 0, 0]"
Anime 5-toubun no Hanayome Novelize,,,24163,30372,297,5,Novel,Unknown,Unknown,Publishing,"Apr  1, 2022 to ?","['Comedy', 'Romance']","['Harem', 'School']",Kids,,"Toyoda, Mika (Story)",0,"[0, 0, 0]"
Queen in the Shadows,,,24218,69299,24,1,Novel,4,31,Finished,"Aug  30, 2019","['Drama', 'Fantasy']",['Time Travel'],,,Hayul (Story),0,"[0, 0, 0]"
The Novel's Extra: Cube Arc,,,24467,46839,101,1,Novel,4,45,Finished,"Nov  1, 2021","['Action', 'Fantasy']","['Isekai', 'Reincarnation', 'School']",,,"Ji, Gapsong (Story)",0,"[0, 0, 0]"
Mononoke,,,24595,66359,33,0,Novel,Unknown,Unknown,Publishing,"Jun  10, 2022 to ?","['Fantasy', 'Horror', 'Mystery', 'Supernatural']","['Historical', 'Mythology']",,,"Niki, Hideyuki (Story)",0,"[0, 0, 0]"
Kekkaishi no Ichirinka (Bride of the Barrier Master),,,24849,37596,178,1,Novel,Unknown,Unknown,Publishing,"Dec  21, 2021 to ?","['Romance', 'Supernatural']",[],,,Kureha (Story),0,"[0, 0, 0]"
JoJo no Kimyou na Bouken: Mugen no Ou,,,25003,42772,129,0,Novel,1,4,Finished,"Mar  19, 2022 to Dec  19, 2023","['Action', 'Adventure', 'Supernatural']",[],,JoJo Magazine,"Shindou, Junjou (Story)",0,"[0, 0, 0]"
"Josee to Tora to Sakana-tachi (Josee, the Tiger and the Fish)",,,25291,39689,155,1,Novel,1,9,Finished,"Mar  27, 1985","['Drama', 'Romance']",[],,,"Tanabe, Seiko (Story)",0,"[0, 0, 0]"
Shousetsu Cider no You ni Kotoba ga Wakiagaru (Words Bubble Up Like Soda Pop),,,25397,40083,151,0,Novel,1,8,Finished,"Apr  24, 2020",['Slice of Life'],[],,,"Ishiguro, Kyouhei (Story)",0,"[0, 0, 0]"
Shen Yin Wangzuo,,,25677,69955,22,0,Novel,9,308,Finished,Nov  2011 to Sep  2012,"['Action', 'Adventure', 'Fantasy']",[],,,Tang Jia San Shao (Story),0,"[0, 0, 0]"
Shousetsu Blue Lock,,,25817,34032,229,0,Novel,Unknown,Unknown,Publishing,"Nov  17, 2022 to ?",['Sports'],['Team Sports'],Kids,,"Nomura, Yuusuke (Art), Yoshioka, Mitsuru (Story)",0,"[0, 0, 0]"
The First Night With the Duke,,,25875,69314,24,0,Novel,3,15,Finished,"Dec  30, 2020","['Fantasy', 'Romance']","['Isekai', 'Reincarnation']",,,"Hwang, Dotol (Story)",0,"[0, 0, 0]"
The Villainess Turns the Hourglass,,,25899,42466,132,2,Novel,4,27,Finished,"Jan  30, 2018",['Fantasy'],['Time Travel'],,,Sansobee (Story),0,"[0, 0, 0]"
"Kumo no Mukou, Yakusoku no Basho (The Place Promised in Our Early Days)",,,25931,45303,111,0,Novel,1,4,Finished,"Dec  26, 2005","['Drama', 'Romance', 'Sci-Fi']",['Military'],,,"Kanou, Arata (Story)",0,"[0, 0, 0]"
Junkyouju Takatsuki Akira no Suisatsu (Associate Professor Akira Takatsuki's Conjecture),,,25978,42037,135,4,Novel,Unknown,Unknown,Publishing,"Nov  22, 2018 to ?","['Mystery', 'Supernatural']",['Adult Cast'],,,"Sawamura, Mikage (Story)",1,"[1, 0, 0]"
Mugimoto Sanpo no Suki na Mono,,,25998,53667,70,0,Novel,Unknown,Unknown,Publishing,"Nov  26, 2016 to ?",['Slice of Life'],"['Adult Cast', 'Workplace']",,,"Sumino, Yoru (Story)",0,"[0, 0, 0]"
Gigantis,,,26158,60977,48,0,Novel,1,15,Finished,"Sep  17, 2021","['Action', 'Horror', 'Sci-Fi']",[],,,"Komori, Yoichi (Story)",0,"[0, 0, 0]"
Lady Evony,,,26175,71894,12,0,Novel,5,82,Finished,"Aug  12, 2019","['Drama', 'Fantasy']",[],,,Jaya (Story),0,"[0, 0, 0]"
Villains Are Destined to Die Side Story,,,26347,39393,158,3,Novel,1,3,Finished,"Sep  18, 2020","['Drama', 'Fantasy', 'Romance']","['Reverse Harem', 'Villainess']",,,"Gwon, Gyeoeul (Story)",0,"[0, 0, 0]"
The Fantasie of a Stepmother,,,26349,56454,60,0,Novel,3,26,Finished,"Dec  28, 2018","['Drama', 'Fantasy', 'Romance']",['Time Travel'],,,Nyangi-wa Hyangsinnyo (Story),0,"[0, 0, 0]"
The Reason Why Raeliana Ended up at the Duke's Mansion,,,26373,40644,147,12,Novel,3,36,Finished,"Dec  28, 2016 to Feb  28, 2017","['Fantasy', 'Romance']","['Isekai', 'Reincarnation']",,,Milcha (Story),0,"[0, 0, 0]"
The Reason Why Raeliana Ended up at the Duke's Mansion Side Story,,,26374,51870,77,0,Novel,1,10,Finished,"Aug  17, 2018","['Fantasy', 'Romance']","['Isekai', 'Reincarnation']",,,Milcha (Story),0,"[0, 0, 0]"
A Business Proposal,,,26375,66040,34,0,Novel,2,24,Finished,"Dec  12, 2018","['Comedy', 'Drama', 'Romance']","['Adult Cast', 'Workplace']",,,Haehwa (Story),0,"[0, 0, 0]"
Men of the Harem,,,26376,69322,24,0,Novel,Unknown,Unknown,Publishing,"Feb  16, 2021 to ?",['Fantasy'],['Reverse Harem'],,,Alphatart (Story),0,"[0, 0, 0]"
Book Eater,,,26377,68823,26,1,Novel,19,118,Finished,"Jun  21, 2017 to May  22, 2019","['Action', 'Adventure', 'Fantasy']",['School'],,,Mackenro (Story),0,"[0, 0, 0]"
Second Life Ranker,,,26378,42159,134,2,Novel,32,101,Finished,"May  31, 2019 to Dec  8, 2020","['Action', 'Fantasy']",['Isekai'],,,Sadoyeon (Story),0,"[0, 0, 0]"
Who Made Me a Princess?,,,26386,69634,23,1,Novel,3,33,Finished,"Dec  27, 2017","['Drama', 'Fantasy']",['Reincarnation'],,,Plutus (Story),0,"[0, 0, 0]"
Kill the Dragon,,,26387,72435,8,0,Novel,9,112,Finished,"Apr  26, 2016 to Dec  23, 2016","['Action', 'Fantasy']",['Military'],,,Baeksu Gwijok (Story),0,"[0, 0, 0]"
The Knight and Her Emperor,,,26395,72436,8,0,Novel,4,24,Finished,"Aug  30, 2016 to Oct  24, 2016","['Drama', 'Fantasy', 'Romance']",[],,,An-gyeong Wonsung-i (Story),0,"[0, 0, 0]"
Ginger and the Cursed Prince,,,26405,71479,14,0,Novel,2,7,Finished,"Sep  28, 2017","['Fantasy', 'Romance']",[],,,Jwittong Saettong (Story),0,"[0, 0, 0]"
Surviving as a Maid,,,26406,71366,15,0,Novel,3,35,Finished,"May  31, 2019","['Fantasy', 'Romance']",['Isekai'],,,Gureum-gorae-binu (Story),0,"[0, 0, 0]"
Shika no Ou: Minasoko no Hashi,,,26481,67711,29,0,Novel,1,32,Finished,"Mar  27, 2019","['Drama', 'Fantasy']","['Adult Cast', 'Medical']",,,"Uehashi, Nahoko (Story)",0,"[0, 0, 0]"
Karina's Last Days,,,26497,68826,26,0,Novel,4,24,Finished,"Dec  30, 2021","['Drama', 'Fantasy', 'Romance']",[],,,"Ja, Eunhyang (Story)",0,"[0, 0, 0]"
There Must Be Happy Endings,,,26498,72687,6,0,Novel,2,19,Finished,"Feb  8, 2019",['Romance'],"['Adult Cast', 'Time Travel']",,,Flada (Story),0,"[0, 0, 0]"
San Ti (Remembrance of Earth's Past),,,26501,62387,44,0,Novel,3,99,Finished,Jan  2008 to Nov  2010,['Sci-Fi'],[],,,"Liu, Cixin (Story)",0,"[0, 0, 0]"
Touch Your Heart,,,26512,71898,12,0,Novel,2,16,Finished,"Aug  21, 2018",['Romance'],"['Adult Cast', 'Workplace']",,,Jäger (Story),0,"[0, 0, 0]"
My Farm by the Palace,,,26513,71482,14,0,Novel,4,21,Finished,"Oct  2, 2019","['Fantasy', 'Romance']",[],,,Jungyeon (Story),0,"[0, 0, 0]"
The Baengri Clan's Unwanted Granddaughter,,,26516,67713,29,0,Novel,5,20,Finished,"Mar  6, 2023",['Fantasy'],"['Time Travel', 'Villainess']",,,Marubyeol (Story),0,"[0, 0, 0]"
Sixth Sense Kiss,,,26548,72761,5,0,Novel,3,32,Finished,"Dec  30, 2019",['Romance'],"['Adult Cast', 'Workplace']",,,Got-nyeo (Story),0,"[0, 0, 0]"
The Perks of Being a Villainess,,,26549,54954,65,3,Novel,4,17,Finished,"Jan  13, 2023","['Fantasy', 'Romance']",['Villainess'],,,"Mang, Gokim (Story)",0,"[0, 0, 0]"
The Infinite Mage,,,26551,52983,72,0,Novel,52,314,Finished,"Sep  19, 2014 to Mar  11, 2020","['Action', 'Adventure', 'Fantasy']",[],,,"Kim, Chiwoo (Story)",1,"[0, 0, 1]"
Past Life Returner,,,26552,59392,52,0,Novel,21,168,Finished,"May  9, 2018 to Jun  9, 2020","['Action', 'Fantasy']",['Time Travel'],,,"Na, Minchae (Story)",0,"[0, 0, 0]"
The Villainess's Maker,,,26623,70577,19,0,Novel,2,11,Finished,"Sep  6, 2019","['Fantasy', 'Romance']","['Isekai', 'Time Travel', 'Villainess']",,,"Sol, Leesu (Story)",0,"[0, 0, 0]"
The Flower Dances and the Wind Sings,,,26624,71899,12,0,Novel,4,23,Finished,"Dec  31, 2020","['Drama', 'Fantasy', 'Romance']","['Psychological', 'Time Travel']",,,Lanella (Story),0,"[0, 0, 0]"
The Villainess Is Retiring,,,26625,64930,37,0,Novel,4,28,Finished,"Dec  30, 2020","['Fantasy', 'Romance']","['Isekai', 'Villainess']",,,"Kim, Daham (Story)",0,"[0, 0, 0]"
What It Means to Be You,,,26626,70772,18,0,Novel,4,Unknown,Finished,"Sep  30, 2021","['Fantasy', 'Romance']",[],,,"Lee, Bora (Story)",0,"[0, 0, 0]"
Hello World,,,26657,37065,185,2,Novel,1,9,Finished,"Jun  21, 2019","['Drama', 'Romance', 'Sci-Fi']",[],,,"Nozaki, Mado (Story)",0,"[0, 0, 0]"
Cassmire: The Loyal Sword,,,26658,70323,20,0,Novel,5,37,Finished,"Nov  15, 2022 to Dec  15, 2023",['Fantasy'],"['Isekai', 'Reverse Harem', 'Villainess']",,,Si-ion (Story),0,"[0, 0, 0]"
A Wicked Tale of Cinderella's Stepmom,,,26670,68828,26,0,Novel,3,59,Finished,"Sep  21, 2020","['Fantasy', 'Romance']",[],,,Kiarne (Story),0,"[0, 0, 0]"
Second Try Idol,,,26671,68117,28,0,Novel,19,117,Finished,"Dec  28, 2020 to Sep  26, 2022",['Drama'],"['Idols (Male)', 'Music', 'Time Travel']",,,Tinta (Story),0,"[0, 0, 0]"
The Golden Forest,,,26672,72336,9,0,Novel,2,47,Finished,"Apr  26, 2018","['Fantasy', 'Romance']",['Love Polygon'],,,"Yoon, So-rie (Story)",0,"[0, 0, 0]"
What's Wrong with Secretary Kim?,,,26673,70775,18,0,Novel,2,30,Finished,"Apr  3, 2013","['Comedy', 'Romance']","['Adult Cast', 'Workplace']",,,"Jung, Kyung-Yoon (Story)",0,"[0, 0, 0]"
Hoshi no Koe: Ai no Kotoba/Hoshi wo Koeru (Voices of a Distant Star: Words of Love/Across the Stars),,,26779,52803,73,0,Novel,1,49,Finished,"Sep  29, 2006","['Drama', 'Romance', 'Sci-Fi']",['Mecha'],,,"Kanou, Arata (Story)",0,"[0, 0, 0]"
Kyoufu Collector (Horror Collector),,,26967,59401,52,0,Novel,Unknown,Unknown,Publishing,"Jun  15, 2015 to ?","['Horror', 'Mystery', 'Supernatural']",[],Kids,,"Satou, Midori (Story)",0,"[0, 0, 0]"
Online! (Online! The Unbeatable Game),,,26968,63665,41,0,Novel,Unknown,Unknown,Publishing,"Oct  13, 2011 to ?",[],['Video Game'],Kids,,"Ootsuka, Shinichirou (Art), Amagaeru, Midori (Story)",0,"[0, 0, 0]"
Crazy Diamond no Akuryou-teki Shitsuren: JoJo no Kimyou na Bouken yori (JoJo's Bizarre Adventure: Crazy Heartbreakers),,,27009,37131,184,5,Novel,1,8,Finished,"Jun  19, 2023","['Action', 'Adventure']",[],,,"Kadono, Kouhei (Story)",0,"[0, 0, 0]"
Kaze ga Tsuyoku Fuiteiru (Run with the Wind),,,27027,68835,26,2,Novel,1,12,Finished,"Sep  22, 2006","['Drama', 'Sports']",['Adult Cast'],,,"Miura, Shion (Story)",0,"[0, 0, 0]"
The Advanced Player of the Tutorial Tower,,,27041,71712,13,0,Novel,Unknown,Unknown,Publishing,"Feb  5, 2021 to ?","['Action', 'Adventure', 'Fantasy']",[],,,Bangguseok Kim-ssi (Story),0,"[0, 0, 0]"
Onmyouji to Tengugan (Onmyoji and Tengu Eyes),,,27050,47057,100,1,Novel,Unknown,Unknown,Publishing,"Aug  20, 2020 to ?","['Mystery', 'Supernatural']",[],Josei,,"Utamine, Yoshiko (Story)",1,"[1, 0, 0]"
Dinghai Fusheng Lu (Dinghai Fusheng Records),,,27066,63367,42,1,Novel,4,Unknown,Finished,Nov  2019 to Jul  2020,"['Action', 'Fantasy']",['Historical'],,,Fei Tian Ye Xiang (Story),0,"[0, 0, 0]"
Moumoku no Orihime wa Koukyuu de Koutei to no Koi wo Tsumugu (A Weaver Spins a Tale of Blind Love),,,27077,67321,30,0,Novel,Unknown,Unknown,Publishing,"Feb  12, 2020 to ?","['Fantasy', 'Mystery', 'Romance']",['Historical'],,,"Kobayakawa, Mahiro (Story)",0,"[0, 0, 0]"
Undead Girl Murder Farce,,,27088,19654,696,10,Novel,Unknown,Unknown,Publishing,"Dec  17, 2015 to ?","['Mystery', 'Supernatural']","['Detective', 'Historical', 'Vampire']",,,"Aosaki, Yuugo (Story)",0,"[0, 0, 0]"
Tianbao Fuyao Lu (Legend of Exorcism),,,27177,52805,73,1,Novel,5,100,Finished,Jul  2018 to Nov  2019,"['Action', 'Adventure', 'Boys Love', 'Fantasy']",['Historical'],,,Fei Tian Ye Xiang (Story),0,"[0, 0, 0]"
Gekijouban Psycho-Pass,,,27223,50745,82,1,Novel,1,Unknown,Finished,"Mar  10, 2016","['Action', 'Sci-Fi']","['Adult Cast', 'Detective', 'Military']",,,"Fukami, Makoto (Story)",0,"[0, 0, 0]"
Kimetsu no Yaiba Novelize,,,27250,31828,267,4,Novel,10,121,Finished,"Jun  26, 2020 to Jul  14, 2023","['Action', 'Fantasy']",['Historical'],Kids,,"Matsuda, Shuka (Story), Hano, Makimi (Story)",0,"[0, 0, 0]"
"NieR Replicant ver.1.22474487139... ""Gestalt Keikaku Kaisouroku"" (NieR Replicant ver.1.22474487139... Project Gestalt Recollections)",,,27292,34038,228,5,Novel,2,Unknown,Finished,"Jun  28, 2021","['Action', 'Sci-Fi']",[],,,"Eishima, Jun (Story)",0,"[0, 0, 0]"
Étrangère,,,27404,71153,16,0,Novel,4,18,Finished,"Jul  18, 2014","['Action', 'Fantasy', 'Suspense']","['High Stakes Game', 'Isekai', 'Survival']",,,Yosam (Story),0,"[0, 0, 0]"
Boku ga Kimi no Namae wo Yobu kara,,,27554,39520,157,1,Novel,1,9,Finished,"Aug  10, 2022","['Romance', 'Sci-Fi']",[],,,"Yomoji, Otono (Story)",0,"[0, 0, 0]"
Shirobutahi Sairai Den: Koukyuu mo Nidome nara,,,27788,69982,22,0,Novel,2,13,Finished,"Aug  12, 2021 to Jan  15, 2022",['Drama'],[],,,"Nakamura, Satsuki (Story)",0,"[0, 0, 0]"
Yatagarasu Series,,,27974,32823,248,4,Novel,Unknown,Unknown,Publishing,"Jun  26, 2012 to ?",['Fantasy'],['Historical'],,,"Abe, Chisato (Story)",0,"[0, 0, 0]"
Karasu Hyakka,,,27975,62862,43,0,Novel,Unknown,Unknown,Publishing,"May  10, 2018 to ?",['Fantasy'],['Historical'],,,"Abe, Chisato (Story)",0,"[0, 0, 0]"
I Shall Master This Family,,,28040,49254,88,3,Novel,5,18,Finished,"Jan  31, 2024",['Fantasy'],['Time Travel'],,,"Kim, Roah (Story)",1,"[1, 0, 0]"
Final Fantasy VII Remake: Traces of Two Pasts,,,28122,43533,124,1,Novel,1,Unknown,Finished,"Jul  15, 2021","['Adventure', 'Drama', 'Fantasy']",[],,,"Nojima, Kazushige (Story & Art)",0,"[0, 0, 0]"
Yakata Series,,,28155,66589,32,0,Novel,Unknown,Unknown,Publishing,"Aug  27, 1987 to ?","['Mystery', 'Suspense']",['Detective'],,,"Ayatsuji, Yukito (Story)",0,"[0, 0, 0]"
Anime Bungou Stray Dogs Shousetsuban (Anime Bungo Stray Dogs: Novel Version),,,28229,34842,216,2,Novel,1,Unknown,Finished,"Mar  15, 2019","['Action', 'Mystery', 'Supernatural']",['Detective'],Kids,,"Kousaka, Mari (Story), oda (Art)",0,"[0, 0, 0]"
Quanqiu Gaokao (Global Examination),,,28256,68473,27,0,Novel,3,30,Finished,"Feb  27, 2020 to Apr  30, 2020","['Boys Love', 'Mystery']",['Survival'],,,"Mu, Suli (Story)",0,"[0, 0, 0]"
Debut or Die!,,,28332,51545,78,6,Novel,Unknown,Unknown,Publishing,"Dec  8, 2022 to ?",['Drama'],"['Idols (Male)', 'Psychological', 'Reincarnation', 'Time Travel']",,,"Baek, Deoksoo (Story)",0,"[0, 0, 0]"
Dive!!,,,28497,54215,68,0,Novel,4,49,Finished,"Apr  20, 2000 to Aug  8, 2002",['Sports'],[],,,"Mori, Eto (Story)",0,"[0, 0, 0]"
Bungou Stray Dogs Gaiden: Ayatsuji Yukito vs. Kyougoku Natsuhiko (Bungo Stray Dogs: Another Story - Yukito Ayatsuji vs. Natsuhiko Kyougoku),,,28942,52378,75,8,Novel,1,9,Finished,"Jan  30, 2016","['Action', 'Mystery', 'Supernatural']",['Detective'],,,"Asagiri, Kafka (Story)",0,"[0, 0, 0]"
Just Because!,,,29037,32859,247,9,Novel,1,8,Finished,"Sep  6, 2017 to Nov  25, 2017","['Drama', 'Romance']","['Love Polygon', 'School']",,Da Vinci,"Kamoshida, Hajime (Story)",0,"[0, 0, 0]"
Boku dake ga Inai Machi: Another Record,,,29212,45295,111,1,Novel,1,10,Finished,"Oct  10, 2015 to Feb  10, 2016",['Drama'],"['Adult Cast', 'Psychological']",,,"Sanbe, Kei (Story), Ninomae, Hajime (Story)",0,"[0, 0, 0]"
Koukaku Kidoutai Shousetsu Anthology (The Ghost in the Shell: Five New Short Stories),,,29222,49898,85,0,Novel,1,Unknown,Finished,"Mar  28, 2017",['Sci-Fi'],[],,,"Akita, Yoshinobu (Story), Ubukata, Tow (Story), Mikumo, Gakuto (Story), Asagiri, Kafka (Story), EnJoe, Toh (Story)",1,"[1, 0, 0]"
Gosick: Gray Wolf Tanteisha-hen,,,29444,60954,48,2,Novel,4,32,On Hiatus,"Dec  25, 2013 to Dec  2, 2016","['Drama', 'Mystery']","['Adult Cast', 'Historical']",,,"Sakuraba, Kazuki (Story)",0,"[0, 0, 0]"
Kakuriyo no Yadomeshi,,,29485,25443,435,9,Novel,Unknown,Unknown,Publishing,"Apr  12, 2015 to ?","['Gourmet', 'Supernatural']",['Mythology'],,,"Yuuma, Midori (Story)",0,"[0, 0, 0]"
Fire Emblem: Rekka no Ken–Fuuin no Tsurugi - Elibe Douran,,,29646,71833,12,2,Novel,3,21,Finished,"Dec  26, 2003 to Mar  12, 2004","['Action', 'Adventure', 'Fantasy']","['Martial Arts', 'Military']",,,"Kaneda, Eiji (Art), Masaka, Kazuyoshi (Story)",0,"[0, 0, 0]"
Shiki,,,29669,30763,288,3,Novel,2,49,Finished,Sep  1998,"['Horror', 'Mystery', 'Supernatural', 'Suspense']","['Psychological', 'Vampire']",,,"Ono, Fuyumi (Story)",0,"[0, 0, 0]"
Final Fantasy VII Gaiden: Turks - The Kids Are Alright (Final Fantasy VII: The Kids Are Alright - A Turks Side Story),,,29711,49622,87,1,Novel,1,Unknown,Finished,"Dec  15, 2011","['Adventure', 'Fantasy']",[],,,"Nojima, Kazushige (Story)",0,"[0, 0, 0]"
Souvenir in Blue Exorcist: The Movie - Okumura Yukio Saiaku no Mikkakan,,,29759,68798,26,3,Novel,1,Unknown,Finished,"Jul  3, 2013",['Fantasy'],[],,,"Yajima, Aya (Story)",0,"[0, 0, 0]"
Cheer Danshi!!,,,29766,60087,50,0,Novel,1,10,Finished,"Oct  5, 2010","['Drama', 'Sports']",['School'],,,"Asai, Ryou (Story)",0,"[0, 0, 0]"
Kamisama no Goyounin,,,30002,64445,39,0,Novel,Unknown,Unknown,Publishing,"Dec  25, 2013 to ?",['Supernatural'],[],,,"Asaba, Natsu (Story)",0,"[0, 0, 0]"
Little Witch Academia: Detarame Majo to Yousei no Kuni (Little Witch Academia: The Nonsensical Witch and the Country of the Fairies),,,30142,25295,440,5,Novel,1,9,Finished,"Apr  15, 2017","['Adventure', 'Comedy', 'Fantasy']",['School'],Kids,,"Tachibana, Momo (Story), Uekura, Eku (Art)",1,"[1, 0, 0]"
"Shaba no ""Futsuu"" wa Muzukashii",,,30229,61854,46,0,Novel,5,40,Finished,"Apr  5, 2018 to Jan  31, 2020","['Comedy', 'Fantasy']",[],,,"Nakamura, Satsuki (Story), Mura, Karuki (Art)",0,"[0, 0, 0]"
Doupo Cangqiong (Battle Through the Heavens),,,30565,48248,94,22,Novel,27,760,Finished,Jul  2010 to Dec  2012,"['Action', 'Adventure', 'Fantasy']","['Martial Arts', 'Mythology']",,,Tian Can Tudou (Story),0,"[0, 0, 0]"
Shika no Ou (The Deer King),,,30568,35809,202,3,Novel,2,90,Finished,"Sep  24, 2014","['Action', 'Adventure', 'Fantasy']",[],,,"Uehashi, Nahoko (Story)",1,"[1, 0, 0]"
Shousetsu Futari wa Precure: Max Heart,,,30627,71823,13,0,Novel,1,8,Finished,"Oct  19, 2017",['Action'],['Mahou Shoujo'],,,"Inoue, Akiko (Story)",0,"[0, 0, 0]"
"Shousetsu Mahoutsukai Precure! Ima, Jikan Ryokou tte Iimashita!?",,,30628,71636,14,0,Novel,1,Unknown,Finished,"Oct  11, 2017","['Comedy', 'Fantasy']","['Mahou Shoujo', 'Time Travel']",Kids,,"Murayama, Isao (Story), Miyamoto, Emiko (Art)",0,"[0, 0, 0]"
Isekai Ekisha no Kissaten (The Coffee Shop in a Different World Station),,,30641,69613,23,0,Novel,2,31,Finished,"Sep  10, 2016 to May  25, 2017","['Fantasy', 'Gourmet', 'Slice of Life']",['Isekai'],,,"Swind (Story), pon-marsh (Art)",0,"[0, 0, 0]"
Ankoku Joshi (The Dark Maidens),,,30668,30479,294,6,Novel,1,8,Finished,"Oct  27, 2012 to Jan  26, 2013","['Horror', 'Mystery']",['School'],,,"Akiyoshi, Rikako (Story)",1,"[1, 0, 0]"
: Wristcut Jiken (Goth),,,30669,29324,323,9,Novel,1,6,Finished,"Oct  30, 2001 to Jul  3, 2002","['Horror', 'Mystery']",['Psychological'],,The Sneaker,Otsuichi (Story),2,"[1, 1, 0]"
Yotsugogurashi,,,30704,54896,66,1,Novel,Unknown,Unknown,Publishing,"Oct  15, 2018 to ?",['Slice of Life'],['School'],Kids,,"Hino, Himari (Story), Sakura, Oriko (Art)",0,"[0, 0, 0]"
Yuan Zun (Dragon Prince Yuan),,,30713,62822,43,1,Novel,21,1497,Finished,"Nov  30, 2017 to Mar  30, 2021","['Action', 'Adventure', 'Fantasy']",['Martial Arts'],Shounen,,Tian Can Tudou (Story),0,"[0, 0, 0]"
Byousoku 5 Centimeter: One More Side (5 Centimeters per Second: One More Side),,,30800,40166,151,3,Novel,1,3,Finished,"May  20, 2011","['Drama', 'Romance']",[],,,"Kanou, Arata (Story)",1,"[1, 0, 0]"
Perfect Blue: Kanzen Hentai (Perfect Blue: Complete Metamorphosis),,,30851,25653,429,7,Novel,1,9,Finished,"Mar  25, 1991",['Horror'],"['Psychological', 'Showbiz']",,,"Takeuchi, Yoshikazu (Story)",0,"[0, 0, 0]"
Rakuen Tsuihou: Expelled from Paradise,,,31107,51770,77,0,Novel,1,8,Finished,"Oct  17, 2014","['Action', 'Sci-Fi']",['Mecha'],,,"Urobuchi, Gen (Story), Yasugi, Masayoshi (Story)",0,"[0, 0, 0]"
Housekishou Richard-shi no Nazo Kantei (The Case Files of Jeweler Richard),,,31280,20158,667,39,Novel,Unknown,Unknown,Publishing,"Dec  17, 2015 to ?","['Drama', 'Mystery']","['Adult Cast', 'Workplace']",,,"Tsujimura, Nanako (Story)",2,"[2, 0, 0]"
2.43: Seiin Koukou Danshi Volley-bu,,,31282,45528,110,2,Novel,Unknown,Unknown,Publishing,"Jun  1, 2012 to ?",['Sports'],"['School', 'Team Sports']",,,"Kabei, Yukako (Story)",0,"[0, 0, 0]"
Kyokou Suiri (Invented Inference),,,31310,27040,385,12,Novel,Unknown,Unknown,Publishing,"May  11, 2011 to ?","['Mystery', 'Romance', 'Supernatural']",['Mythology'],,,"Shirodaira, Kyou (Story)",0,"[0, 0, 0]"
Nichijou no Natsuyasumi,,,31311,44129,119,1,Novel,1,7,Finished,"Feb  15, 2014",['Comedy'],['Gag Humor'],Kids,,"Arawi, Keiichi (Art), Izuno, Hiranari (Story)",0,"[0, 0, 0]"
Sarazanmai,,,31367,52937,73,0,Novel,2,19,Finished,"Apr  16, 2019 to Aug  7, 2019","['Action', 'Fantasy', 'Supernatural']",['Anthropomorphic'],,,"Ikuhara, Kunihiko (Story)",0,"[0, 0, 0]"
Psycho-Pass Asylum,,,31457,41856,137,0,Novel,2,Unknown,Finished,"Sep  10, 2014 to Nov  21, 2014","['Action', 'Mystery', 'Sci-Fi']",['Detective'],,,"Yoshigami, Ryou (Story)",0,"[0, 0, 0]"
Hakata Tonkotsu Ramens,,,31727,32393,256,4,Novel,Unknown,Unknown,Publishing,"Feb  25, 2014 to ?","['Action', 'Mystery']",[],,,"Ichiiro, Hako (Art), Kisaki, Chiaki (Story)",1,"[1, 0, 0]"
Hibike! Euphonium Series: Rikka Koukou Marching Band e Youkoso (Sound! Euphonium: Welcome to the Marching Band!),,,31791,35105,212,2,Novel,2,11,Finished,"Aug  4, 2016 to Sep  6, 2016",['Drama'],"['Music', 'School']",,,"Asada, Nikki (Art), Takeda, Ayano (Story)",0,"[0, 0, 0]"
Shousetsu Hirune Hime: Shiranai Watashi no Monogatari (Napping Princess: The Story of the Unknown Me),,,31795,32998,245,0,Novel,1,4,Finished,"Feb  25, 2017","['Adventure', 'Fantasy', 'Sci-Fi']",['Mecha'],,,"Kamiyama, Kenji (Story)",1,"[1, 0, 0]"
Kyoto Teramachi Sanjou no Holmes (Holmes of Kyoto),,,31893,39675,155,7,Novel,Unknown,Unknown,Publishing,"Apr  16, 2015 to ?","['Drama', 'Mystery']","['Detective', 'Love Status Quo']",,,"Mochizuki, Mai (Story)",0,"[0, 0, 0]"
Shoujo Fujuubun,,,32057,64038,40,2,Novel,1,Unknown,Finished,"Sep  7, 2011",['Mystery'],[],,,"NISIO, ISIN (Story)",0,"[0, 0, 0]"
Yojouhan Time Machine Blues,,,32353,29975,307,5,Novel,1,3,Finished,"Jul  29, 2020","['Comedy', 'Mystery', 'Romance', 'Suspense']","['Psychological', 'Time Travel']",,,"Morimi, Tomihiko (Story)",0,"[0, 0, 0]"
Wagaya wa Kakuriyo no Kashihonya-san (The Haunted Bookstore: Gateway to a Parallel Universe),,,32654,33606,235,5,Novel,7,58,Finished,"Jun  22, 2019 to Apr  20, 2022","['Drama', 'Supernatural']",['Mythology'],Josei,,Shinobumaru (Story),0,"[0, 0, 0]"
"Shousetsu Kimi to, Nami ni Noretara (Ride Your Wave)",,,33075,50467,83,0,Novel,1,7,Finished,"Jun  6, 2019","['Drama', 'Romance', 'Supernatural']",[],,,"Toyoda, Mika (Story)",0,"[0, 0, 0]"
Psycho-Pass Genesis,,,33086,40194,150,0,Novel,4,Unknown,Finished,"Mar  6, 2015 to Jan  31, 2017","['Action', 'Mystery', 'Sci-Fi']",['Detective'],,,"Yoshigami, Ryou (Story)",0,"[0, 0, 0]"
Lord El-Melloi II-sei no Bouken (The Adventures of Lord El-Melloi II),,,33101,50682,82,3,Novel,Unknown,Unknown,Publishing,"Dec  25, 2020 to ?","['Adventure', 'Fantasy', 'Mystery']",[],,,"Sanda, Makoto (Story), Sakamoto, Mineji (Art)",0,"[0, 0, 0]"
Kijin Gentoushou (Sword of the Demon Hunter: Kijin Gentoushou),,,33110,23953,489,1,Novel,14,Unknown,Finished,"Jun  19, 2019 to Nov  22, 2023","['Action', 'Adventure', 'Fantasy']",[],,,"Nakanishi, Motoo (Story)",0,"[0, 0, 0]"
Cake Ouji no Spécialité,,,33127,58755,54,0,Novel,Unknown,Unknown,Publishing,"Oct  28, 2015 to ?",['Romance'],[],,,"Nanatsuki, Takafumi (Story)",0,"[0, 0, 0]"
Kuraki Kyuuden no Shisha no Ou (The King of the Dead at the Dark Palace),,,33156,26189,411,3,Novel,Unknown,Unknown,Publishing,"Nov  30, 2019 to ?","['Action', 'Fantasy']",[],,,"Merontomari (Art), Tsukikage (Story)",0,"[0, 0, 0]"
Meikyuu no Ou (King of the Labyrinth),,,33175,17867,813,1,Novel,3,34,Finished,"Jan  9, 2019 to Dec  7, 2019","['Action', 'Adventure', 'Fantasy']",[],,,Shienbis (Story),0,"[0, 0, 0]"
Possessing Nothing,,,33295,72591,7,0,Novel,19,117,Finished,"Feb  14, 2018 to Feb  24, 2020","['Action', 'Fantasy']","['Isekai', 'Time Travel']",,,Mongma (Story),0,"[0, 0, 0]"
Shoushimin Series,,,33331,22268,559,10,Novel,Unknown,Unknown,Publishing,"Dec  18, 2004 to ?",['Mystery'],['School'],,,"Yonezawa, Honobu (Story)",0,"[0, 0, 0]"
Jigoku Kurayami Hana mo Naki (Hell Is Dark with No Flowers),,,33719,56003,62,0,Novel,Unknown,Unknown,Publishing,"May  25, 2018 to ?","['Fantasy', 'Horror', 'Mystery']",[],,,"Michio, Yoru (Story)",0,"[0, 0, 0]"
Suming Zhi Huan (Lord of Mysteries 2: Circle of Inevitability),,,34031,40343,150,16,Novel,Unknown,Unknown,Publishing,"Apr  1, 2024 to ?","['Action', 'Mystery', 'Supernatural', 'Suspense']",[],,,Ai Qianshui de Wuzei (Story),1,"[1, 0, 0]"
Koroshiya Series (The Assassins Series),,,34182,70242,21,0,Novel,Unknown,Unknown,Publishing,"Jul  30, 2004 to ?","['Action', 'Mystery']","['Organized Crime', 'Psychological']",,,"Isaka, Koutarou (Story)",0,"[0, 0, 0]"
Psycho-Pass 3,,,34390,64985,37,0,Novel,3,Unknown,Finished,"Nov  20, 2019 to Sep  18, 2020","['Action', 'Mystery', 'Sci-Fi']","['Adult Cast', 'Detective']",,,"Yoshigami, Ryou (Story)",0,"[0, 0, 0]"
Psycho-Pass 3: First Inspector,,,34391,64672,38,0,Novel,1,Unknown,Finished,"Sep  17, 2021","['Action', 'Mystery', 'Sci-Fi']","['Adult Cast', 'Detective']",,,"Kanan, Len (Story)",0,"[0, 0, 0]"
Shousetsu Gekijouban Psycho-Pass: Providence,,,34392,58389,55,0,Novel,1,11,Finished,"Feb  9, 2024","['Action', 'Mystery', 'Sci-Fi']","['Adult Cast', 'Detective']",,,"Fukami, Makoto (Story)",0,"[0, 0, 0]"
Maydare Tensei Monogatari,,,34471,65822,35,1,Novel,Unknown,Unknown,Publishing,"Oct  15, 2019 to ?","['Fantasy', 'Romance']",['Reincarnation'],,,"Yuuma, Midori (Story)",0,"[0, 0, 0]"
Overgeared,,,34527,47272,99,9,Novel,Unknown,Unknown,Publishing,"Jan  10, 2014 to ?","['Action', 'Fantasy']",['Video Game'],,,"Park, Saenal (Story)",0,"[0, 0, 0]"
Wu Dong Qian Kun (Martial Universe),,,34580,64673,38,0,Novel,18,540,Finished,May  2012 to Nov  2015,"['Action', 'Adventure', 'Fantasy']","['Martial Arts', 'Mythology']",,,Tian Can Tudou (Story),0,"[0, 0, 0]"
I'm Not the Final Boss' Lover,,,34892,72222,10,0,Novel,3,27,Finished,"May  31, 2021","['Fantasy', 'Romance']",['Isekai'],,,Ken (Story),0,"[0, 0, 0]"
The Return of the 8th Class Mage,,,34914,69008,25,0,Novel,7,76,Finished,"Apr  13, 2017 to Oct  26, 2017","['Action', 'Fantasy']",['Time Travel'],,,Ryu Song (Story),0,"[0, 0, 0]"
Sasaki Jimusho Series,,,34972,71952,12,0,Novel,Unknown,Unknown,Publishing,"May  21, 2021 to ?","['Mystery', 'Supernatural']",['Detective'],,,"Roka, Kouen (Story)",0,"[0, 0, 0]"
Shousetsu Gekijouban Mononoke: Karakasa,,,35064,47898,95,1,Novel,1,5,Finished,"Jun  13, 2024","['Horror', 'Mystery', 'Supernatural']","['Adult Cast', 'Historical', 'Mythology']",,,"Atarashi, Yasumi (Story)",0,"[0, 0, 0]"
Kono Hon wo Nusumu Mono wa (Whoever Steals This Book),,,35126,42926,128,0,Novel,1,5,Finished,"Oct  8, 2020","['Fantasy', 'Mystery']",[],,,"Fukamidori, Nowaki (Story & Art)",0,"[0, 0, 0]"
Children of the Rune: Winterer,,,35374,72724,6,0,Novel,7,21,Finished,"Jul  27, 2001 to Sep  25, 2002","['Action', 'Adventure', 'Fantasy']",[],,,"Jeon, Min-hee (Story)",0,"[0, 0, 0]"
Xiao Mogu (Little Mushroom),,,35422,36958,187,21,Novel,2,59,Finished,"Jul  1, 2020","['Boys Love', 'Sci-Fi']",['Psychological'],,,Yishisi Zhou (Story),1,"[1, 0, 0]"
R no Techou Second (The Pocketbook of R Second),,,35644,72778,5,0,Novel,2,12,Finished,"Apr  23, 2015 to Jun  4, 2015","['Adventure', 'Fantasy']",[],,,"Suzuki, Jirou (Art), Tsukishima, Souki (Story)",0,"[0, 0, 0]"
Alice to Therese no  Koujou (Maboroshi),,,35693,62889,43,0,Novel,1,Unknown,Finished,"Jun  13, 2023",['Drama'],[],,,"Okada, Mari (Story)",0,"[0, 0, 0]"
Cang Lan Jue (Love Between Fairy and Devil),,,35694,70661,19,0,Novel,1,Unknown,Finished,Jul  2015,"['Comedy', 'Fantasy', 'Romance']",[],,,"Jiu Lu, Fei Xiang (Story)",0,"[0, 0, 0]"
A Ranker's Guide to the Good Life,,,35991,72493,8,0,Novel,Unknown,Unknown,Publishing,"Oct  10, 2023 to ?","['Fantasy', 'Romance']",['Reverse Harem'],,,Teze (Story),0,"[0, 0, 0]"
The Perfect Plan for a Fairy-Tale Ending,,,36219,72785,5,0,Novel,3,13,Finished,"Jun  30, 2023","['Fantasy', 'Romance']","['Isekai', 'Villainess']",,,Peach Pie (Story),0,"[0, 0, 0]"
"Boku wa Ashita, Kinou no Kimi to Date suru",,,36243,72787,5,1,Novel,1,6,Finished,"Aug  20, 2014","['Drama', 'Romance']",[],,,"Nanatsuki, Takafumi (Story)",0,"[0, 0, 0]"
Shousetsu Futari wa Precure,,,37919,35703,203,0,Novel,1,6,Finished,"Sep  16, 2015","['Action', 'Comedy', 'Fantasy']",['Mahou Shoujo'],,,"Kanehiro, Aki (Story)",0,"[0, 0, 0]"
Shousetsu Heartcatch Precure!,,,37920,35127,212,1,Novel,1,5,Finished,"Sep  17, 2015","['Action', 'Comedy', 'Fantasy', 'Slice of Life']",['Mahou Shoujo'],,,"Yamada, Takashi (Story)",0,"[0, 0, 0]"
Aldnoah.Zero: Extra Episode,,,38042,67841,29,1,Novel,2,Unknown,Finished,"Nov  26, 2014 to May  27, 2015",['Sci-Fi'],"['Mecha', 'Military']",,,"Takayama, Katsuhiko (Story), Sekine, Ayumi (Story)",0,"[0, 0, 0]"
Karadasagashi,,,38351,41577,139,4,Novel,8,44,Finished,"Aug  24, 2013 to Jan  24, 2015",['Horror'],['School'],,,"Welzard (Story), Kamura, Low (Art)",0,"[0, 0, 0]"
Bravely Default: R no Techou (Bravely Default: The Pocketbook of R),,,38500,72685,6,0,Novel,2,12,Finished,"Dec  5, 2013","['Adventure', 'Fantasy']",[],,,"Suzuki, Jirou (Art), Tsukishima, Souki (Story)",0,"[0, 0, 0]"
Shousetsu Fresh Precure!,,,38909,61326,47,0,Novel,1,4,Finished,"Mar  17, 2016","['Action', 'Fantasy']",['Mahou Shoujo'],,,"Maekawa, Atsushi (Story)",0,"[0, 0, 0]"
Rean no Tsubasa,,,40416,67894,29,0,Novel,6,Unknown,Finished,1983 to  1986,"['Action', 'Fantasy', 'Sci-Fi']",['Mecha'],,,"Tomino, Yoshiyuki (Story), Kogawa, Tomonori (Art)",0,"[0, 0, 0]"
Umineko no Naku Koro ni: Saigo de Saisho no Okurimono,,,40476,57812,57,0,Novel,1,22,Finished,"Jun  19, 2008 to Dec  31, 2011","['Drama', 'Fantasy', 'Mystery', 'Supernatural']",[],,,Ryukishi07 (Story),0,"[0, 0, 0]"
Ginga Eiyuu Densetsu Gaiden,,,40526,26303,407,2,Novel,4,Unknown,Finished,Apr  1986 to Jul  1989,"['Action', 'Drama', 'Sci-Fi']","['Military', 'Space']",,,"Michihara, Katsumi (Art), Tanaka, Yoshiki (Story), Kasahara, Akira (Art)",0,"[0, 0, 0]"
Shousetsu Suite Precure♪,,,40836,60917,48,0,Novel,1,11,Finished,"Nov  23, 2016","['Action', 'Fantasy']","['Mahou Shoujo', 'Music']",,,"Oono, Toshiya (Story)",0,"[0, 0, 0]"
Shousetsu Smile Precure!,,,40837,56705,60,1,Novel,1,6,Finished,"Oct  4, 2016","['Action', 'Fantasy']","['Adult Cast', 'Mahou Shoujo']",,,"Kobayashi, Yuji (Story)",0,"[0, 0, 0]"
Monogatari Go! Princess Precure: Hana to Refi no Bouken,,,41249,65281,36,0,Novel,1,Unknown,Finished,"Mar  15, 2017","['Adventure', 'Fantasy']",['Mahou Shoujo'],Kids,,"Yamagata, Kaori (Story), Wagatsuma, Yasumi (Art)",0,"[0, 0, 0]"
Gangsta. Original Novel,,,42085,64424,39,0,Novel,1,7,Finished,"Jul  29, 2015","['Action', 'Drama']","['Adult Cast', 'Organized Crime']",,,"Kohske (Story), Kawabata, Junichi (Story)",0,"[0, 0, 0]"
Shinrei Tantei Yakumo: Another Files,,,44031,27196,380,1,Novel,6,26,Finished,"Jul  25, 2013 to Mar  24, 2020","['Mystery', 'Supernatural']",[],,,"Kaminaga, Manabu (Story), Suzuki, Yasushi (Art)",0,"[0, 0, 0]"
Sakurako-san no Ashimoto ni wa Shitai ga Umatteiru,,,44303,9536,"1,976",21,Novel,17,Unknown,Finished,"Feb  23, 2013 to Mar  24, 2021",['Mystery'],[],,,"Tetsuo (Art), Ota, Shiori (Story)",0,"[0, 0, 0]"
Drag-On Dragoon 3: Story Side,,,45472,20087,671,14,Novel,1,5,Finished,"Aug  27, 2014","['Action', 'Adventure', 'Fantasy']",[],,,"Eishima, Jun (Story), Yoko, Taro (Story)",0,"[0, 0, 0]"
Ubume no Natsu (The Summer of the Ubume),,,50681,27657,367,4,Novel,1,7,Finished,Sep  1994,"['Horror', 'Mystery', 'Supernatural']",[],,,"Kyougoku, Natsuhiko (Story)",0,"[0, 0, 0]"
JK Haru wa Isekai de Shoufu ni Natta (JK Haru Is a Sex Worker in Another World),7.05,220,,20694,637,9,Novel,1,14,Finished,"Dec  6, 2017","['Fantasy', 'Erotica']",['Isekai'],,,"Hiratori, Kou (Story)",1,"[1, 0, 0]"
JK Haru wa Isekai de Shoufu ni Natta: Summer (JK Haru Is a Sex Worker in Another World: Summer),,,,46398,104,0,Novel,1,7,Finished,"Dec  4, 2019","['Fantasy', 'Erotica']",['Isekai'],,,"Hiratori, Kou (Story)",0,"[0, 0, 0]"
Osawagase Marriage,,,,72555,7,0,Novel,2,Unknown,Finished,"Dec  17, 2013 to Aug  20, 2014",['Erotica'],[],Josei,,"Shichifuku, Sayuri (Story)",0,"[0, 0, 0]"
